study_hours,attendance,sleep_hours,assignments_completed,stress_level,pass
2.254133452074263,0.4829688720853552,8.90276885209351,0.22607907101056268,0.8390996987996115,0
5.545633665765811,0.021269410850387138,4.490352074480669,0.2642762631586393,0.20152837800631285,1
11.970081116103907,0.7692231478381336,4.072618700656644,0.823552226611819,0.8196248695476449,0
10.262452461477224,0.37588828514576933,7.0036214269282455,0.16440552907887873,0.7063719968099961,0
17.959754525911098,0.7322248864095612,5.497277199097036,0.6248740996069989,0.15389990469377368,1
13.77407268714784,0.23194709611597542,4.737524070792325,0.4831808633136685,0.9345438807155155,0
19.58238323555624,0.009331619827093296,7.041522627771007,0.9164205445320662,0.3429296627591959,0
18.173244580706616,0.9193919732144173,5.294444075058725,0.05024300982298213,0.4608983382065819,1
19.226242344096438,0.9912559937021883,8.823751045315122,0.17549162738135737,0.20681789313339627,1
17.708848275444232,0.3056042154902149,5.3824999727041,0.03926941424165231,0.8844787275967592,0
27.19416332893641,0.760289823122135,8.866742619600824,0.40240625929931173,0.39181089461717167,1
17.26422533627637,0.5923503285933622,4.852822742760746,0.6595107686407702,0.18483839794702495,0
25.047907103978975,0.5614845879595237,7.966085525483922,0.1811832790500828,0.34213260011189495,0
27.740808548356885,0.6326218931339481,4.199136127374557,0.309806875322469,0.6821916892550988,0
26.903652297180354,0.7243388171287412,4.85725576803647,0.4896244620502448,0.42746652816668906,1
21.667577051791987,0.4376031240553919,4.994498678920936,0.566605258905463,0.30781915002611915,0
24.655801778710686,0.7046807627366467,6.042322625527034,0.5968518768877594,0.7824258122127878,1
1.550451635058231,0.03158614482564204,8.815514077478877,0.4334722327556344,0.08061540516960175,0
19.48898697141644,0.6545112142811352,9.236523037396768,0.7187396178535302,0.6893104121026903,1
1.9948880210033249,0.30327514756759555,8.682256741425881,0.9354845135274957,0.20424210636842888,1
8.164354116898881,0.6102251494776413,7.316242454311272,0.7524683375864943,0.3416411126906018,1
9.13841307520112,0.33987496376806614,4.684574709327601,0.432018927594506,0.9772799325664473,0
23.084787995758106,0.6062529377509774,6.957187506684679,0.06616518883444045,0.5442573370152508,1
28.150213704631135,0.14224936868719618,9.391363628049035,0.3433867021776442,0.3450168399245661,0
4.164815179482304,0.6924361513243696,8.93520876630518,0.951444825663092,0.5750605734588147,1
4.988501062682382,0.6361773647082327,5.644429536053146,0.050622472269074126,0.18641980485397458,0
9.02634929450309,0.5657319639957911,5.886100679102491,0.5383319432557134,0.8315183331122236,0
1.7425083650459838,0.6922765645178525,6.69843905470324,0.9060870604812605,0.3610747263410372,0
8.398016908378285,0.21921398735804432,5.856236307176692,0.583713587731364,0.481277951219237,0
11.067409187093173,0.6900048908206657,9.78447049894065,0.2632473465180112,0.6825404787671571,0
3.482179215207487,0.9963339160567419,8.119539480955641,0.19497519990028922,0.6439565794476135,0
7.145483431401796,0.24667886452162302,6.45647243090211,0.6354143568619098,0.683870124909032,1
19.542611650555926,0.7848969771114676,5.779359473235584,0.08412766225938284,0.8484717744062646,1
15.731708079827401,0.17742876946970687,9.702755023451775,0.37345794513270525,0.06903693691137491,1
29.231844229984993,0.3797857801792298,9.884436061500576,0.1966535849529587,0.26133301788538377,1
27.656227050693506,0.35071181545171015,8.01413402397465,0.9685373316998922,0.01620039733946721,1
12.262025132942892,0.8407030280112,6.516687963743881,0.8273021497372459,0.23748330516938398,1
27.885874327434774,0.9948663171697671,5.798803165391416,0.31187943576372523,0.3208545427498436,1
2.9152948131230563,0.5819714019143988,6.607575765152271,0.8956747776187787,0.40070416683446664,1
3.8663916573194768,0.4043187681042921,8.095703327340415,0.7624469586748684,0.1307173235897573,1
27.981854500620397,0.9555236959549347,6.689914332216533,0.9753431334790705,0.09142199181713817,1
27.279612062363462,0.6258913764370091,4.688613231215305,0.40360100236159124,0.6193899693665019,1
2.935024819530044,0.030652502205806065,6.513686741124852,0.6541327370278737,0.21633277763082703,1
23.26582850085032,0.7764474464997246,9.200622127036002,0.8146710047099892,0.6254334501665935,1
28.466566117599996,0.12056688577727881,9.832031977789223,0.10137289755315915,0.9925817954877634,1
6.370173320348284,0.0394268113685059,4.835472226705571,0.3529585034523566,0.19343534295648257,0
0.16566351370807197,0.04209318963636188,5.229287644904275,0.3129073942136482,0.5942418273085972,0
11.031474091783005,0.9436159201675989,5.451362969553034,0.01912896643728701,0.8099244203028994,0
29.991530198583916,0.6103337833109184,8.970815796694701,0.7982931972091867,0.19864457689740578,1
2.8332888226778516,0.8543850933695791,8.154956960015351,0.26463502692535734,0.051150205620397626,0
19.558837785078016,0.16362382119166918,4.108039333602727,0.17925325573928075,0.5443448876343211,0
2.440463419256993,0.6734324333249173,4.924870259070922,0.9291395200154627,0.24067051475715306,1
24.892254111216047,0.7076809347409158,8.286544984427454,0.39310390755940106,0.36325535167581025,1
17.726788295647253,0.2870381331749128,5.950624092590194,0.40967105337599263,0.09664483428775228,0
20.728132143073978,0.7798453951511436,5.675656530726463,0.6642193849889683,0.5827144493446815,1
8.428035290621423,0.4213570022770702,4.31173946532561,0.6485048201186882,0.8655623831722035,0
8.764339456056545,0.9243961953765304,9.62093477219855,0.6854438832219015,0.6723838432917036,1
18.77579747142709,0.04010919141248248,4.06078710416646,0.24150062799283345,0.6314587925830206,0
1.6912648995278134,0.8030258978326634,4.053179710680814,0.967761465269562,0.5721229637222063,0
19.234428986558918,0.8408715794259226,5.255112792447567,0.8983864665840349,0.23356736106861098,1
18.837011684727234,0.5329577865513353,5.480943215211413,0.37454824337958126,0.486173654104883,0
25.565445009556203,0.6016118201463312,4.665988592747889,0.13714848815274316,0.020137848949289827,1
17.049258100064147,0.15105789178090023,7.244190859869462,0.1613628010553837,0.6136379029893838,0
24.463842853645026,0.01787393473341381,9.266980468912244,0.27109625376406576,0.603150120122947,0
17.34840422988522,0.3264613082439919,4.840144585319906,0.4663097561401701,0.5523661378172343,0
12.81323365878769,0.5508573706091393,8.007519992821763,0.6067317247174364,0.6763610678727241,0
7.738248831454668,0.10250972799067926,7.918976743187698,0.5150056597097231,0.1332099241366287,1
2.5604900423593158,0.12150137630091806,8.725294515152676,0.9711509073682858,0.9477796979692298,0
3.506941221250922,0.5353101314525917,6.328994236761973,0.8955628481318387,0.3412444497577206,0
0.27591154849888944,0.7704074178077932,9.508459313194905,0.8379083748518036,0.47849107010718916,1
26.85620513061598,0.3475715242389821,8.223142549805987,0.1520485674244918,0.31206404465202064,0
0.46369849586602285,0.7610239909429989,9.134176563025235,0.7021460961818294,0.41227972783166555,1
8.140470953216877,0.9840834691992951,7.07501589262199,0.09206698608247543,0.21031855628579366,0
26.61259272795352,0.7496518317429247,7.279889321126731,0.1025679625835898,0.4430337063376194,1
12.763093158492504,0.5025660764634424,7.570790049434089,0.5247356376614322,0.35719233399304484,0
22.51844254922575,0.9698210450785447,8.233515175862948,0.03897932066113041,0.09800768478074107,1
5.595555311995627,0.5074677337608362,4.757588449387017,0.10539321810780522,0.0949652752283765,0
19.298646553270594,0.21066218900566658,6.532205560765834,0.27194603941844875,0.6043593197147711,0
4.497522820463214,0.31540689574801273,6.596896013256815,0.931554914309481,0.8275236939538171,0
23.98231196727128,0.6508773690471942,4.022919535951498,0.1430011226657264,0.062431327277780335,1
24.383987017725076,0.8681422543775054,6.642648101874544,0.9811179078679357,0.4096728692925191,1
3.0937160650779783,0.16704190790094986,6.04362499948775,0.06725591396736785,0.12328377929894685,0
13.044820158112387,0.49646115235529975,7.028773589827169,0.45005863942622526,0.600251410099583,0
23.948855369003255,0.24204501586252747,8.461563497059359,0.8433261677878832,0.40146177908904324,0
11.516736641196342,0.019192276823056686,7.469790396522164,0.6635235939134523,0.18987532909591998,1
3.5449448286496876,0.16352387258502277,8.93453424200967,0.3683472137943513,0.062041416956554296,1
1.9515477895583855,0.23000883728770305,6.783594920130017,0.7509397983633183,0.08122963480667267,1
3.827409083866913,0.9369578230310628,6.499026591423274,0.20444837246427305,0.16827858850771282,1
19.00434659478442,0.6423255259052274,8.525489558092485,0.6880455570741288,0.7439051873021519,1
19.951100236387664,0.22061195271121126,8.18325629145782,0.8349472056944037,0.05126345917599817,1
2.930163420191516,0.7247667715287615,4.907480972409608,0.9803687409421851,0.7938181039080396,0
11.426725698930646,0.9344360268055143,4.806610776448731,0.4691072110475787,0.5771170823879065,0
29.59545746378939,0.5156794276964978,9.280940427528911,0.5012756446257294,0.6043129822403198,0
22.125037443292452,0.7987141916545746,6.572212125918602,0.8409087104029072,0.31030848210454753,1
7.573108330320623,0.45037093625818514,6.325892832733882,0.627328935090678,0.5105704087285036,0
1.7267628004993285,0.9866301229588469,5.735468631835927,0.8371196278306522,0.3153637432661175,0
26.83656680682274,0.6195893374598407,8.900676799033816,0.7832979829560477,0.59742924257342,1
3.739880436098005,0.265046428325004,7.999602874279716,0.2265216260361057,0.013228812905293985,1
16.36850367947805,0.6315602200925206,6.916002962785618,0.2640619846937188,0.5234013709220082,1
26.32018060142943,0.9320281055100175,5.823678407444342,0.24995694639762123,0.3152394346494508,1
1.4089790032516514,0.421248053294072,9.170145422724072,0.41962738280681033,0.6347441411040295,0
21.205720315428515,0.9877223897360315,9.277491129709176,0.5976682827027031,0.6825324595377216,1
17.861550519601312,0.645810812655206,6.151470769149239,0.06845045256601678,0.10868253937469208,1
21.846490458355788,0.029247283034559146,8.492958021779838,0.2923831104121931,0.5657449506132892,0
15.977682976547577,0.96582216115322,7.127776285924834,0.6114636112256608,0.24997289086882968,1
15.340271965828133,0.48050694725782894,9.703186315517222,0.8361177032072488,0.6018067339454473,0
26.81677749152873,0.1097361986775035,8.246328101605165,0.4299576197798217,0.46073360024167387,0
7.867921328994752,0.9406792451153405,4.151160483755376,0.9042432914075651,0.44672646870264054,0
4.630881458226069,0.9631151115891738,8.643948268916574,0.9332050877593062,0.1383715947205566,1
27.42896419681497,0.8250494101800621,7.50263668308467,0.1602256009765063,0.5689554832818507,1
4.888032812442891,0.7252576604151365,9.24219156079807,0.5070596467387183,0.9579458599261376,1
21.109735781400712,0.6802282424312913,6.214318130565499,0.7587153211639207,0.9024032761106747,1
11.915505888553644,0.20403563462889884,7.927904121195727,0.42845790384879545,0.24080381607317325,1
26.054039276937385,0.6956181464968069,5.951770804138187,0.9467562446922407,0.9520624466390027,1
16.40130838029839,0.8700988739009299,7.261229304055877,0.39761237855287057,0.850574528015116,1
20.818453334013,0.038426348962324997,4.299874171958073,0.3995187845869348,0.0681866197654627,0
3.5120104928281757,0.8679182945200221,9.330422033852088,0.5869365065589071,0.7975140452964858,1
25.254863302748163,0.06229179813006269,5.817494372999156,0.9286305621153941,0.0002270382182555375,0
15.602040635334324,0.02440078155653802,8.247010583378612,0.34652416795271823,0.564231816684536,0
22.526132033744922,0.61714498660403,7.874934317718905,0.2490087361090899,0.16988707321905727,1
24.18603839379184,0.5577834173700249,9.05627141296333,0.7959263871435024,0.3024663174614697,0
24.06590942262119,0.11047411313139466,5.551725009328233,0.9650153694544719,0.9791515551006156,0
17.50106295291479,0.657845304603036,7.416264167093697,0.5993021161394377,0.13521731371285473,1
16.662951168078823,0.27262400073353377,4.08589166600236,0.2993833737053483,0.3064154493510364,0
25.870911262402355,0.21673980009077565,5.356173986895998,0.8895193110437631,0.7600055449620985,0
8.545214831324028,0.2670282701694213,6.827007393596888,0.2688535143821935,0.918397542081558,0
6.1541892144602155,0.9189265336395545,4.610822097697222,0.6617777324716385,0.6276688771588087,0
12.02289182625978,0.9846697395245082,6.6196851386125966,0.10587431821312931,0.3137031247571562,1
27.849556877631763,0.6262203216314154,7.128674134261537,0.17169390770544957,0.934729915488301,1
11.645097786195658,0.912363345616691,4.070239664385424,0.7962414505413685,0.059587097353143714,1
13.525181142123962,0.17410933533408435,6.86140063880782,0.05034952696935324,0.24696116699189252,1
29.087538832936758,0.8747016726841994,6.749803849171939,0.2053329387067998,0.9344330387534414,1
28.999644571310085,0.032526179491251916,8.98824108631426,0.41195809503410197,0.12044733999656543,1
11.678868421259295,0.383832951933044,9.871152810334843,0.5832523923125568,0.7486087085818324,0
21.242177333881365,0.4894249636431405,6.925427162040306,0.05183579911972902,0.056680432165835404,1
20.71184485888096,0.5400119146045106,4.376137729731195,0.9699265253451909,0.37667644042946247,0
1.906750508580709,0.8791183075621647,9.455321235169361,0.5875858711094019,0.7470782671290289,1
4.57617128742784,0.737508359459007,9.447392762677715,0.9383157286513161,0.07053563759295656,1
7.737084811348195,0.9756102008599149,9.012881354453167,0.1254862967991507,0.24879178873917707,0
13.967940543973805,0.08786649914483335,9.829196145406303,0.38782608991693124,0.8719130612805055,0
27.797628754844833,0.641971500443266,7.620958576260271,0.4893925374065887,0.20969027743020086,1
25.26356769407126,0.10142082844921652,6.1522931525020805,0.10097810681776109,0.5969452234131726,0
23.688544283836617,0.5072348086883924,4.1401125779691155,0.6237430848640091,0.9567204338893498,0
14.53568955573064,0.9576252845053802,9.459658863126352,0.8740717733051852,0.690322846900729,1
27.397216576694138,0.039618825348357145,7.913345557272835,0.5356565993475786,0.4774161894803537,0
17.234193395397355,0.6921613416941319,6.388031757727017,0.37250893155346587,0.219634928594569,1
9.696087960622657,0.07613085949030018,9.341548318106813,0.6167836078525412,0.0162434432094537,1
5.879485872574356,0.40193091360924216,6.470593249507051,0.07697946706496628,0.04013885908536652,1
4.585774175529961,0.8514249577450957,5.771808865430996,0.4381786132483445,0.7093888218243862,0
0.32987485975441433,0.5172690564416094,4.6150957843988465,0.016592480632597884,0.9409923225744371,0
2.708693101632249,0.1607598960483082,6.827723004388988,0.05617607734743901,0.6071352808835769,0
15.692935325104465,0.435583314812933,8.765263975296433,0.4018871998907301,0.575593428640082,0
15.102518125645707,0.23371208191043302,8.241858924734297,0.9271237818644493,0.9562918815133613,0
8.35771017095876,0.32337156211552076,4.325992208937423,0.5708774168394762,0.7833872199958384,0
0.3928336976500091,0.3721670238375133,6.35474911737688,0.5315721526867312,0.9556494672664894,0
10.51762676419791,0.8226143185136784,6.417239695795823,0.458431424131438,0.2310808528744962,0
12.869820821250551,0.2487142725876299,4.152686559434505,0.844871347755229,0.07718753022646796,0
19.364168877215036,0.9681934279147217,4.473814973144972,0.6163004859257241,0.7021074541137926,1
7.295165729983623,0.9918099513493635,9.014955567463096,0.4032106331838228,0.6900468884094496,0
12.567763485136437,0.6564786073315027,9.517186147936298,0.3032858908492829,0.08744650179988545,1
7.319689301372508,0.6385259476640855,6.812607792787035,0.8908555349831467,0.7302217177572492,0
7.782703002938774,0.3269316163380791,5.825192317817685,0.5730422006190157,0.7415661084668296,0
13.222882408146845,0.5450269188969383,7.489733757935161,0.25533637376324414,0.33478904189067915,0
20.15678230796185,0.8733229158608077,9.130181209719611,0.7314863597031158,0.46904074751815394,1
9.71037709212731,0.17483862726041255,7.185626070472563,0.8268585609727531,0.3691361938092045,0
28.41850018835446,0.5184080219452041,9.968915763795707,0.9805682270607236,0.3301559503156044,0
8.455643243201997,0.5929508514349274,8.790282043110114,0.6989488284873856,0.505696743781374,0
19.052809526029314,0.3459349925469629,8.072019740035389,0.2709426983163654,0.7997833644457834,0
20.490203202490704,0.4922778564480348,6.579586464340888,0.6619689447938686,0.3977934409290982,0
7.431929685034724,0.498195716453139,4.306812288652605,0.6711574733796887,0.8143867792687614,0
18.60928654060394,0.9000231233980112,7.003745608422507,0.45958405721362305,0.9969494174116696,1
8.833466762087571,0.7965372909761763,4.563143708940137,0.5325040664159818,0.37783921372718665,0
7.12912631977199,0.871843527745232,6.702105873432476,0.8247432373470076,0.9576316462725879,0
22.65411767020857,0.8398613028667203,4.4611724516569815,0.08227232427706188,0.9317404033165082,1
23.138110400578373,0.3843266471596817,5.432777268289236,0.9467337289233956,0.42906236930266595,0
1.6890982704551205,0.21567515239771717,6.933386990754708,0.6971358058918092,0.415818568018411,0
4.848861422838413,0.022123551528997254,6.535290569871668,0.19386306793689267,0.1255497898984771,1
9.329469651469866,0.9447320222914103,7.232210787716285,0.7011395944174736,0.2187138889065392,1
6.048819601432336,0.8139702695060188,5.4796218098681475,0.16279098920622936,0.7422922314869471,0
28.832109524083656,0.6129395824945255,9.70557156701529,0.4077481050027323,0.043100108948324056,1
9.601488030918352,0.6638045276218051,8.062723838410056,0.7481839120488464,0.9895053333843224,1
1.3935123815999317,0.8289154741506773,7.925047608844447,0.6322821536376398,0.3604745051415539,1
4.684577920985711,0.5422372054918483,6.858014399806593,0.41918287590212133,0.6427950705063091,0
12.588001872833697,0.6587077755008761,7.818408221100443,0.140324518193515,0.08613213906368034,1
23.918860973386607,0.7869033862552951,7.279462852193769,0.658661354939767,0.3373306088457655,1
20.91047222985804,0.3924935564066848,7.550182973837953,0.4742550209769536,0.648233468807846,0
6.190011552173775,0.0676125635922149,4.281111451165619,0.825710951560667,0.8461242105302316,0
24.110162306973432,0.09148683739775487,6.641940510210094,0.7387231507265664,0.9172680665776807,0
10.46604799628986,0.05816379550547579,4.008121754292809,0.9901088460868658,0.5128747423052678,0
3.8246598699594725,0.8920846889402344,8.841792945303961,0.34395768655768555,0.2347544217249713,0
17.529429357693008,0.3245858299002703,6.7760536303923615,0.5831908042770976,0.2101071929123518,1
26.987237198237054,0.4813441516353236,8.68793113448383,0.21244727719547296,0.053830524908459076,1
21.668007955669776,0.0991780995872159,5.993146198693628,0.7523978823037879,0.3161013115469705,0
17.905285467506676,0.8419335667918086,9.821542658356343,0.4261212379522308,0.03926505164866023,1
8.692543587413041,0.8158331249906178,4.84426916829255,0.6376882468959355,0.5639195667556237,0
14.225214872619755,0.07219840897917584,4.726150002911158,0.5971553059903019,0.3832153659472517,0
2.7386003035840067,0.8682712805132586,6.724009727176689,0.04035082685969971,0.5547318032823543,0
7.27411510904189,0.15241601333041743,8.566226741504698,0.04005911905069448,0.66231373873072,0
28.50712061462407,0.05705472115125432,5.740273191774621,0.5299405869302329,0.8157453806261209,0
23.982476369069378,0.7655128989911097,5.07553367144674,0.08352491468001877,0.9754103676847451,1
0.9150074981714829,0.39692327620159606,7.664680426454609,0.06697361202527152,0.5402788931874211,0
7.2722919724524075,0.1463739921622491,6.784570956721023,0.2344256000115147,0.5205438373048584,0
19.955916620886004,0.5270414639116516,4.347066696682964,0.44671452725852034,0.7240291887729212,0
22.666534156291462,0.7582384757040913,9.4368595285946,0.009054161580370979,0.0504167736022092,1
11.9450608077283,0.774633780637788,5.332455224159924,0.328179482797612,0.3933206703851887,0
9.82492056533744,0.6235856880027597,7.8648953288554955,0.4662994129398188,0.13168690343620704,0
6.863944964748674,0.6960206180537922,5.661426924266854,0.5894539894846972,0.8903843208552661,0
27.03474031472967,0.3664615348713979,9.885924268976112,0.5928401805081102,0.7422713922522868,0
14.434203055644524,0.549529535895017,8.63752889125669,0.2654964074290723,0.982739540910386,0
5.443063052693919,0.7609907600280938,4.000069808532197,0.9150607325172224,0.12324745813255145,0
28.34297189647284,0.12188609333694755,9.004867582004055,0.12967897822423535,0.5879916294638328,0
8.83397278625753,0.8861957804650745,8.451377961752291,0.728370854339646,0.32783819885003407,1
23.858019355796706,0.9966968538529768,5.369412180962195,0.09236052811137851,0.843879411230929,1
15.681984881459822,0.22048620907017535,7.465560195286945,0.9770069544389435,0.013682414760681105,1
5.356339861630008,0.4615574744197899,9.644707123018648,0.9343041141674903,0.8836839676879897,0
19.910134960879443,0.024191763891355245,6.283106259219367,0.9738004133571495,0.47510034069172047,0
10.231990531507755,0.9629920038589946,5.831864060180388,0.11043186341110267,0.4027037209945602,0
4.225710611393996,0.5824226582072465,4.711015741588909,0.8236236107489735,0.6455343564105223,0
2.6547750615575847,0.7671882889311269,6.773773366003644,0.6036372005593751,0.8183804247795352,0
23.396266375728715,0.13008624013063197,6.282403293822458,0.3927307432714162,0.6171059444286563,0
19.355183712283495,0.6340057030996114,5.363077342141089,0.07049194564314465,0.8736185287372153,1
6.23658765438082,0.5542265141320166,4.767200807334506,0.4313017063410146,0.006047043183978418,0
4.550246391982535,0.4543773345599609,4.883818265673822,0.1198910934727121,0.48323207587543515,1
26.216702326875456,0.32819275360931155,6.215684621293247,0.1630191138148862,0.8050973120411349,0
0.39005770532208106,0.3553845686857394,6.551369112626164,0.5402965317903072,0.08975950056015713,1
13.880393570088193,0.8275378955668743,6.194084489568228,0.9043597749938572,0.7187181132622024,1
18.1852390335264,0.10687692309474384,8.596695596773518,0.8090236402916764,0.5180774980403448,0
11.033493981577596,0.8258167505647627,7.906885509290045,0.4439194545063778,0.5144613277398942,0
3.2367428097991335,0.3501252591667301,6.375822835974729,0.43358279263261434,0.027852240821074403,1
10.784734536592655,0.6000205481193037,5.424600810248838,0.6284264566145871,0.8137233437222274,0
12.84552444951943,0.13124487768238757,4.381845455719854,0.500112752076627,0.25087909989070023,0
5.990213464750792,0.8620426509893134,8.38492578988438,0.9444485826943034,0.39699216220747413,1
10.744881540985215,0.4835456467199247,6.925766858003265,0.15492531114344266,0.8118661240103798,0
17.203136643698585,0.05708685608931485,4.165220319216793,0.3604268271414861,0.6418195168014353,0
11.287787565927474,0.9446142194740232,4.3458854931941495,0.5931582190394682,0.3341927141731099,0
2.1170624220128955,0.48666894142470285,8.343838332796562,0.18792038081532303,0.5411138248788447,0
28.031010443070446,0.6613706110704144,8.543861242806633,0.43123386979155787,0.0778565196087696,1
8.596237563848533,0.033203108791366565,6.892246348672495,0.9017740285462287,0.3454808537234457,0
15.96340455795947,0.7954499607897292,5.001718532483192,0.3512193873487809,0.8614180460955174,1
0.7910092349175601,0.00756287497814212,9.558295640380521,0.9379652314338942,0.40736552421283234,0
21.92602425610933,0.23918010421592562,4.141569787873175,0.2610485262348481,0.9206914007786196,0
15.419684674794324,0.5866084631754741,6.4306161671653985,0.3138754967224705,0.5000582591910867,0
3.3611670650415704,0.08091928305125218,6.206715926536917,0.17349605035502202,0.047196701697378995,1
17.307116538790773,0.2131047040250833,9.417369971151924,0.24535231416621106,0.3586215819535914,0
23.253984700833435,0.528937134027212,6.908177722780282,0.48303969755889,0.6890876537482297,0
6.877541856979245,0.6881347060865421,4.263399655858031,0.8209810172991409,0.0005979388347953085,0
10.829216908200804,0.7513750860290457,4.790290171474561,0.49253538071428926,0.06844070924262613,0
8.807755327934801,0.29166257870930323,7.074182665274744,0.6886316293078756,0.9405039528794026,0
8.461037177139195,0.7734731256866006,6.227034540625765,0.24339668321853047,0.9597910204048502,0
13.174047257106553,0.3677593508772896,9.776610101519235,0.753868082709913,0.3748249243499977,0
9.67061534924169,0.6408263146902062,4.721243374723457,0.7390669759393725,0.7850639210464312,0
8.30632944441611,0.6618391898493786,5.622359718307154,0.8451208514960348,0.8754886503958965,0
18.318601273248976,0.06817230938549357,7.1141936807772925,0.03010387221131894,0.8799146267270145,0
8.32143548943398,0.22726962726315147,8.570789148266183,0.8809730056396574,0.5673909441560734,0
13.86017410932398,0.06665204056068996,9.708578862170993,0.11870909550911146,0.49295697165586005,0
16.073240522242756,0.7435082562916078,9.04868531850856,0.5026312426301305,0.3799790789653946,1
16.65602434798387,0.0678370591051719,8.596388659211815,0.353789158736436,0.5784925082293301,0
11.31852489313868,0.9270009679242953,8.21524300920884,0.20754093620570346,0.8119462346378834,0
16.704037873750504,0.4303058948994627,7.430634112289933,0.14284196481433187,0.658102218056492,0
8.202212157921187,0.3072899649262866,9.744688114228577,0.7592925069184736,0.913041466889856,0
6.932243897642142,0.6888853020500907,5.989388194403163,0.5024272871663764,0.20408766115576027,0
28.206907242748727,0.2768277972350516,7.203804835286583,0.8218309465853593,0.5716076494829438,0
8.22165662061618,0.0585509292439792,5.591956825332802,0.7572829782755007,0.3418490419172582,0
9.56926890881284,0.8707499012725114,5.652287045532511,0.7780252431446532,0.4832942849663252,0
22.845318951524167,0.5155960285792502,8.960244158448925,0.9906791570657658,0.5469288759854769,0
25.694695235649668,0.5786754085723934,9.47972168545742,0.42485084286808694,0.59856299321776,0
16.082890990323612,0.47918187762973097,8.587166767928306,0.8026403123529297,0.5137078552153048,0
25.149861141334135,0.48587175918632564,8.82662324607703,0.1674910890941077,0.8101610899597025,0
4.657207377921376,0.04317373579701167,7.100190311357607,0.4131725172077195,0.3559577734706405,0
17.823921460564055,0.06026739028956085,8.155194589222647,0.22936577703767236,0.861664884699101,0
14.162008353299978,0.46053949727414,4.233579779954004,0.5506633794408515,0.9380641395681313,0
29.09636480122917,0.7384492092513265,9.784173082993082,0.7791025863957868,0.9915327758273865,1
29.47135850725819,0.3046791390980408,5.724457578793478,0.28104975016688916,0.8863803619601417,0
22.806835796690596,0.1520248531286481,8.638851243512029,0.010284495935692028,0.4189697737795244,0
29.54523596887004,0.6603027197013381,5.4840418949145,0.6920112559466547,0.16881000578456418,1
24.28083466435541,0.6949818861265425,4.625348816850086,0.2532723835227151,0.648765386159386,1
21.67356345784516,0.36852634372376114,7.559329420644306,0.23420337092633414,0.315773151249496,0
10.139854705546075,0.702464970544104,6.171118559230832,0.1834421964034345,0.7343656764922184,0
10.25452055093628,0.3679407513020845,5.356751987498032,0.308468281489484,0.2057943769894217,0
24.316599923454987,0.8980305489499869,6.861060809906903,0.38559759251333336,0.8965746584690102,1
27.16145929257791,0.5853543643967521,9.92821579693355,0.24149648525686784,0.38213947483256927,0
18.72446723547402,0.9963343376272473,8.376068764527979,0.006379043406590679,0.5345592191563087,1
4.82044119778667,0.9305952146439163,7.909838562863659,0.16067958471184518,0.8388538619040689,0
3.3015577358303028,0.8095160747248781,6.506565875650598,0.45894051659682034,0.9002641112020704,1
1.226058487994366,0.8941908746641183,4.802970177998159,0.661667259629189,0.2691615709916292,0
8.552855060815412,0.8174497084911916,5.8937640625801,0.44903876793012587,0.6970241660042995,0
0.43180465889267605,0.22845474133129873,7.622772717696327,0.1698810060507353,0.4398556397138349,0
5.768670564260123,0.08565824959643054,5.7056445575651,0.37217325524689715,0.40532536064695335,0
28.08464322482343,0.20052472670033672,7.104678110530248,0.6920736470243689,0.9977493890102006,0
6.707875155583579,0.8707534503372591,6.85327622492096,0.8373670797701507,0.9492731062456169,0
29.7151542600202,0.23605046334646396,6.247317322120728,0.32302734575409386,0.18527685033354002,1
7.25556872701355,0.7081720886452816,7.989909420855971,0.7892928483196856,0.7006114963944516,1
26.761396655313398,0.9839776479598282,5.783426846251703,0.10534548448133318,0.46618159112755697,1
7.553468874760925,0.34780920790219305,7.244762529913267,0.9207666084633573,0.13457626710410775,1
0.9354940518385402,0.29872557358877305,6.3061302311448095,0.27149200254271133,0.25217287749552997,1
10.679180359537847,0.5553635509376312,5.545643322002331,0.6204737850519706,0.2803347525514125,0
3.123257459537215,0.761121537043158,4.426949711040597,0.22044600424541894,0.18015864773261925,0
7.50728694493786,0.0603520839905638,6.466126451593275,0.7728095732903374,0.516283299197674,0
29.56951362331802,0.6186113782151843,4.6038248711411995,0.4425455148147456,0.25448133161826025,1
19.126724140656393,0.16703394609207523,7.940680628345764,0.015394891691308477,0.6059969672710255,0
2.736183091460711,0.0415728590503921,8.53728168370106,0.76230262450096,0.5993597250421656,0
2.505021500960063,0.6832480282896458,6.05468787300828,0.053347996988897695,0.7308703457761604,0
25.985284373248057,0.8491956515653193,8.660263341731088,0.012156771477386807,0.4084555814084826,1
16.557205163234567,0.8191888594267902,8.849411260055334,0.580699084554285,0.15378370551321618,1
7.204368563345792,0.13643975255673313,7.748703176736415,0.3282331056783394,0.9656389752668004,0
17.437146642678368,0.13516628915482276,5.871183147501299,0.6678679067008134,0.5077578381885688,0
26.734293410942133,0.404140321651033,8.332859412735434,0.6996395696221217,0.35543933736406175,0
19.122897044946196,0.5412963353010705,5.76093293924873,0.3211621526359535,0.5866239182836627,0
15.69196274307358,0.4260833838903715,9.746738805929223,0.5015179603501664,0.9288079606878853,0
26.902962738792755,0.8779743204450695,6.37078544566902,0.04961437333883745,0.8792795561570067,1
6.859284165103881,0.5673122196289035,9.075528638066393,0.14692192358377076,0.21399467869831357,1
28.51821440812668,0.2697496115169896,6.913538197956386,0.022425889162055124,0.6704343337969175,0
21.07452251961328,0.4799388347171235,8.215802638513098,0.5606782949389499,0.061446290130787506,1
15.567531158485126,0.6425651995351915,8.373886369934898,0.9264637979561848,0.3569824294686639,1
27.012541714899914,0.34588305695295674,8.024393871435004,0.952815017002506,0.49995899196478844,0
11.390772245018008,0.14888805033244468,5.823655073530164,0.3252111962762113,0.5466772648973117,1
25.079403615366175,0.45231828451830014,9.956901033994422,0.21766739958053605,0.9709402496046186,0
7.42044305229593,0.6811178539649828,4.857101723805032,0.3553197484738877,0.6154207798208354,0
12.282349565737213,0.36830953050684834,9.801072998795712,0.9783547870568566,0.1954580003683999,1
29.60660809801552,0.28723899165408173,5.9812903892289855,0.6760262880525475,0.8468872244289528,0
0.1518475153865606,0.2736266662816659,5.753309382771387,0.43921060124971734,0.0860321570329432,0
8.041909224686288,0.8766507618282006,4.008842932517869,0.27199860534435605,0.5539932555031309,0
10.004975150734325,0.6150129680388666,7.806182133230123,0.8057145256682179,0.3770539310016988,1
5.313320382211469,0.18552551570312115,5.437061019457229,0.5568784431720959,0.33135221873631704,1
3.4067277659888706,0.8059925497751581,4.46589600802963,0.0827368356181899,0.013862135912860118,0
9.859936361097478,0.1221099140100268,4.233976075449469,0.6543420054927197,0.024005044844888856,1
17.936999364332554,0.9979341105333375,9.099852228883972,0.6567560634745571,0.7795167014240635,1
11.660318690684461,0.8736771141863388,4.3736386352913135,0.29729079030733363,0.2940674621767778,1
20.840894125632804,0.15890816766935356,8.800020890582088,0.2111259425580374,0.57356328002671,0
5.230992870149743,0.5399853797158555,9.02224675145764,0.18564670490124302,0.9955689004906878,0
0.5433055146252153,0.041672900602384266,6.621975313993725,0.03244344604718696,0.29806620117000415,1
29.15346248162882,0.5924077846595176,9.149062318942985,0.06845871933357806,0.5565784285021533,0
27.124760834812452,0.623859324676573,8.820896459781308,0.7770492856517561,0.13812529314024724,1
10.753971856328178,0.21825388786506417,9.90993793684525,0.15482861259771985,0.768581330913202,0
1.9012491141830323,0.4395116886329101,8.620949270542576,0.9471614629002478,0.4151456539927457,0
14.813867890931721,0.17652803200550826,8.757126514203037,0.6724604980250288,0.46533693393948605,0
18.8267424025219,0.0057586604981215705,4.892775816430694,0.9213075122129755,0.5702869387313905,0
22.823551458506923,0.6077367948788591,5.2225987547661346,0.3990353176424347,0.4785283699195225,1
4.020456853519222,0.6109809888509917,7.135459596020471,0.27364041786077165,0.6630272037231474,0
15.081611702774374,0.011031264428647214,4.844817693356056,0.05560552168046062,0.9943303026857149,0
29.27556238387604,0.8709691237460856,6.38209024742315,0.3505205342861618,0.08018675681211329,1
1.179364195232968,0.8800790875614583,9.036030954136013,0.5712604699370973,0.33924066117383633,1
12.826230550756488,0.18643826214425452,7.807494505301823,0.10189310087293679,0.08159872000483837,1
1.100496086717937,0.09667644964671962,6.962884242741572,0.7925948132091347,0.6457250433510536,0
18.934158779917887,0.409334006315043,5.799514669041908,0.22236130474817029,0.1899361364575609,1
16.953995507676268,0.07208433599867337,7.734059587703476,0.10326500887504841,0.7831614309236972,0
14.16644775485848,0.2316717013834434,6.2825200450453735,0.25310153917960876,0.04499682123542437,1
6.34344020989634,0.5209579772720422,8.690943180069613,0.4680690542342901,0.8585064545515545,0
11.935667971372249,0.40298017876516146,4.348551712482099,0.37975152291931746,0.9614166196420495,0
24.540442977674793,0.08698675991141014,7.808027639523649,0.6728716685980798,0.6796331823951436,0
19.26094938462863,0.7582631959290226,9.860801971063957,0.5533711897497718,0.8499593305032054,1
3.5257874033131467,0.3938644056541585,9.963090333398188,0.27528821345186016,0.40273948474683074,0
18.351622387030567,0.7896985071424791,4.009390631148838,0.5180080664046248,0.9825212722560387,0
21.8456626861081,0.13347997241594378,7.278581896467084,0.8173053122132368,0.5506604592365643,0
0.7294789929436152,0.47320990669155716,5.1119810771722864,0.9598628027134553,0.7665273162216272,0
9.66237496749535,0.8420332943764213,4.632189533505139,0.9084345518793753,0.3129195480288226,0
2.523204183449923,0.1396512547563129,9.766812912445559,0.7073970000329277,0.0727349477786684,1
15.350323263469983,0.664911724487218,4.026179617901855,0.45832359458757543,0.8023960305536325,1
9.579409127712445,0.20584121003676825,8.129645414681423,0.411191517994586,0.07675806188873802,1
15.322419077326972,0.2597537837603262,6.564938127523691,0.8384918338430248,0.0011120941961874076,1
26.913307798577314,0.9688778552856915,9.187381657136019,0.8763194331423115,0.28454138567693377,1
11.199279488392587,0.8177853298569451,9.364565815199505,0.3952593154311578,0.3821234944599732,0
18.727139877419763,0.13710970572899905,7.815728242982371,0.8845868882296137,0.8024017844513243,0
20.756855930780798,0.4513870243296755,8.829440661048633,0.6736454174749077,0.5855876838726125,0
8.913651468695251,0.3622354416522884,7.372436766415427,0.0402580030092321,0.7151250198168879,0
14.917455176771563,0.6780161525590636,8.26145679173987,0.584448909757426,0.09441889766048095,1
3.5645374880421574,0.6588854702326572,6.410672803925945,0.6486389567688156,0.5485884150546885,0
16.2793390412273,0.35062693120918076,5.988082042618305,0.8035376594626034,0.5769816124176819,0
27.000559255443154,0.14745252670628395,7.053343333546335,0.6024494419665878,0.7416272874518889,0
22.394742153540726,0.6804993020747131,5.68912719048958,0.001992135219070268,0.4981299435480424,1
0.34060934302257206,0.6895267510315611,6.664262495213217,0.5003594462155606,0.6920505530397448,0
24.387030273902326,0.31130769915600365,8.060927793144373,0.2783684816626566,0.26879761503019817,1
1.221864069569104,0.6503256863469369,6.303033298269877,0.7499777984520708,0.05456540828269896,0
16.992139208906917,0.33451128874193214,9.682544002651115,0.5883522209831533,0.9571348325397961,0
29.599187355035262,0.09390071578941839,7.250228874460024,0.527677466221695,0.8306227604317913,0
0.3251295444089508,0.8056701529500532,5.30735532552994,0.9976282974021565,0.1425565550331156,0
5.456402531974344,0.12839428945412523,7.315005804447335,0.5677273179310546,0.5044559416693554,0
28.873418848263338,0.8246809659251492,8.914381083169935,0.3711129384301278,0.3427309254279072,1
22.141008492791112,0.785651618080232,8.842425423200218,0.0393918336928194,0.7493694366449569,1
25.346259329083637,0.4453052550026655,5.837880992669276,0.7608513309307817,0.38278410040304056,0
21.400487576536573,0.7561633288952461,7.796271272491605,0.7502657639388423,0.11995294173096982,1
1.0964900354428464,0.7550419287462783,5.3251166977780535,0.35466620498508283,0.14602101929696254,0
7.7633994480005075,0.8859777482361871,9.16083816009661,0.7378849848346062,0.4111904758694911,1
20.37306957433469,0.8260676302525284,7.002406874261207,0.4299852141210597,0.252314736135153,1
24.085603457940344,0.2056872621955551,9.557164410590692,0.3508191093350156,0.28418429571172876,1
11.238378438794136,0.9876495637360578,7.56196474725123,0.31382680822441555,0.8259323085500162,1
29.78894388357901,0.6675933855635847,9.21981495788611,0.8028109348245005,0.48380253986064725,0
13.0837958740595,0.722070938202737,7.978283150820534,0.39515529747230504,0.9164891511155142,1
22.093327068741687,0.7746535311811819,9.863847447949022,0.969723632797977,0.5446308711071358,1
7.186856720009173,0.837013328363672,5.042569558814463,0.24838360874320753,3.071884538241587e-05,0
5.5970107215391725,0.11636639788547609,8.431584748793984,0.024971662117049598,0.6710129805329098,1
14.62293594748541,0.0032182636042786816,8.275727998591076,0.400212275849672,0.7379277689988003,0
20.175553682311154,0.4521990282834353,4.185734745516061,0.23201818030881072,0.3353716062174624,0
18.033450352296263,0.24966800885918594,4.392196945386312,0.6740199190587927,0.6796972168333453,0
28.49399739875772,0.6079050927934446,9.081813125242363,0.8473879305713737,0.5848278113057909,1
16.789209939246536,0.9373880664971189,7.480533008016728,0.35489768348655404,0.6356453219526133,1
16.18026725746952,0.12951492128280417,9.294498210444033,0.21440648299316456,0.714718833502036,0
18.54654189948783,0.4888465802569202,9.904078979262785,0.756730167068568,0.47508987286676807,0
22.5712358831304,0.9338750175279049,6.327920559681217,0.014381446072085025,0.17708225539728983,1
15.065850309937277,0.8869249002092695,7.384444173001107,0.7147532764439458,0.7635158436682122,1
16.828139146061588,0.8842064633484078,9.686128155786825,0.5055087603898639,0.886171294055993,1
18.881959144057877,0.8178342161750216,5.654605409508141,0.15369104284420454,0.16145783406424008,1
15.667297801644132,0.2001502442448101,4.045984195895352,0.06656472791422285,0.29632580189980007,0
1.8323387956459125,0.9941393612211675,6.1614035128025675,0.5567849109281879,0.808826323491684,0
24.20504217801792,0.45378954138363925,8.13043011095282,0.6668473913056581,0.04406586157038139,1
12.311487691068892,0.39624201890265875,9.143075541992518,0.723447817850001,0.9653027236303998,0
4.346846162736693,0.6974714616692836,8.272084121984685,0.7054608302834863,0.712137045880605,1
3.445104742176106,0.36753442229153144,9.78099544532553,0.34508374551323373,0.44066488342429355,0
29.580031914686128,0.6926259522261645,5.556009383902567,0.8044140596774734,0.18089190137889832,1
13.910952148199465,0.6034485933813779,7.067652773204507,0.6590454101322324,0.7350251861898234,1
20.14719586778399,0.5502265421562618,6.445258186194585,0.48453799508001083,0.6493788202366224,0
24.86212527455788,0.7682734138645182,8.838421703397037,0.5990445871503816,0.7653633638580407,1
3.532532486704234,0.4982556822634536,9.713330714185567,0.1709364024208483,0.7621745871816447,0
3.4760717857538914,0.9499611839502253,8.632074857859942,0.9447362587830797,0.2262724300031862,1
26.096890861863848,0.08217166747642735,7.3905118747165375,0.2528581182501112,0.7694425794215568,0
10.390379830978837,0.041951223431636264,8.37316865361968,0.4666931208844084,0.6912466637859893,0
15.079112793155764,0.22995460589108618,4.2888570158701205,0.6077526830956526,0.556464637348822,0
17.295494265427607,0.07705827913433116,4.25453378924135,0.41814478816279965,0.8118067183508864,0
16.249026439826007,0.48097288988612374,9.909150416574855,0.6595059816513271,0.22697853947152102,1
4.927973937929789,0.30625362078661167,8.484666439580163,0.15047227100599747,0.12036357620998606,1
17.586894960503916,0.7374337687214856,9.886862390750931,0.06723418009056115,0.953402879382095,1
15.742692948967136,0.5679452305526295,9.399000074123634,0.4045273855738697,0.8956899442666165,0
5.53563058069132,0.46520561228371815,8.733594830656044,0.6727646144124667,0.8572309373697911,0
4.679835610086079,0.6587833667107174,8.556389574507783,0.8328303767882711,0.2681743677449133,0
10.12845514210884,0.22018320194981134,7.164397732736058,0.5442539661136977,0.633711599765529,0
15.889517350680194,0.30096356694681625,8.730684059519792,0.8285555979060814,0.693422128056309,0
14.89098741603709,0.8727302504846018,8.222198677774305,0.05057310382422886,0.000943415267631087,0
15.831033272588996,0.3270331615632387,7.2003197725921755,0.8381549749886426,0.6692190299248667,0
8.169219795581068,0.8049889996807698,5.003927824006363,0.5464585417281244,0.35164987234190537,0
28.61785731007762,0.7765968527917417,4.2080216003589,0.42894433343014426,0.39593722619594984,1
6.663234314121907,0.4958757350787708,4.0756451198545545,0.8229838050417675,0.217891379626744,0
14.059819259823788,0.6765133857772465,7.757405928526383,0.6908839765508228,0.13998737672176287,1
6.1926381528180965,0.7886149646724064,8.554031695131586,0.10024556372287663,0.7939351334518513,1
15.565141713782163,0.9678600348450305,8.629761465871645,0.5776317543444226,0.9347955174927833,1
18.343627063039435,0.6802277792083533,5.557250699056542,0.7388666771330327,0.29765027756828044,1
21.601096096382232,0.2546706220460512,6.673249832451345,0.6570304982341073,0.24116521430776194,1
0.7605223024637253,0.5475923761537362,6.9612794820407125,0.7087656552291542,0.12434584143087035,0
1.1066084206359839,0.878629986355158,8.92982138626283,0.3684489199165789,0.6497880467642996,0
4.203395272993577,0.41262184084862374,5.817585433842575,0.8054300430459791,0.33882348242280735,0
4.1256283243797975,0.5412665786761103,7.075928518870318,0.6851343098744841,0.3057439574472911,0
11.26748857919832,0.5596486834869141,6.834960130039081,0.8549740195614743,0.20883093549458998,1
24.793723983232248,0.7364020150656405,5.867304970380362,0.32663924942591094,0.35813971652914445,1
21.365376640426074,0.6936822257814886,8.360025952421939,0.22959816075396866,0.6377741418455916,1
3.8118153795565437,0.8005866991090829,4.033034794962525,0.9680658120507589,0.39631262549822055,0
20.526990795364707,0.06535634079894237,5.351901579707411,0.06750254668382194,0.6594229620819976,0
22.848588459861528,0.8808707591989284,6.087648469493,0.06400634660862092,0.8511507354259817,1
29.906227555378422,0.19747048985993731,5.506008299573802,0.5621888110645251,0.14119906353718492,0
9.4306794322898,0.8837858849634257,4.947728937012088,0.9145486638485589,0.548145202728022,0
21.87021504122962,0.42777313373586234,9.22347055027604,0.8660956336116915,0.5753591731290986,0
18.402455878073695,0.8129857387160935,4.374745561714429,0.3352790500782957,0.1744092671114995,1
20.042554097119385,0.5550849493022862,4.909570448800596,0.7314964640431391,0.38680724205188,0
5.169596136048895,0.0794193689889866,6.980172536907679,0.5526622677767482,0.23222469090134312,1
19.80592130153194,0.8717835665922017,7.647431284544222,0.7665150495325846,0.6722506872941947,1
13.124247660711871,0.09553531383466818,5.686026993452281,0.667212337194181,0.22065105962174847,0
4.5125067331058455,0.9270345447963066,8.336241746189371,0.21079310155002862,0.022564511705347234,0
27.25351684000885,0.8951177407065364,5.451862781902272,0.10445451810015138,0.3768668803471885,1
26.302969102852483,0.47601812936876653,5.451359764677335,0.4338439228552442,0.0973668937912211,0
24.413850591208462,0.34124782762615635,9.736282861671599,0.030026005329392813,0.006464357789710551,1
23.747371311775456,0.3161561049767505,4.960149618779164,0.7643533864364274,0.09842418910136874,0
11.676050362024894,0.8441704489691971,6.18756236918524,0.8580232710072292,0.9489806670470013,0
13.823363040981773,0.5190597909082704,7.066774835423379,0.1828377798688171,0.8969952893644111,0
2.81945819522607,0.00977084741918366,4.273892473014302,0.8825598767723473,0.05856530528453385,0
21.782740011679845,0.7090605194509164,9.590522316596898,0.22011132590475313,0.8284386709389908,1
28.86517645423626,0.9994137257706666,7.723962878947504,0.17935601028924097,0.6754560453364256,1
25.941671287651598,0.5391612766752545,9.98692513409187,0.43974048650790853,0.18078515056237954,1
29.40097725856431,0.39090599590551467,9.331954481592392,0.8382304210818006,0.30338554362913317,0
17.724997817070324,0.07857849715502074,5.176586276430358,0.20347274249759584,0.8030118815263205,0
21.39734361668985,0.6496466489923685,9.786859923404869,0.9575810150838173,0.3413186459500521,1
0.7615906698103458,0.7328015447662506,8.68219301804129,0.04191521671625753,0.2998975929945362,0
29.701615503127897,0.7975591006371882,7.61154058609079,0.5078050639587791,0.8832736014262238,1
28.453599208864702,0.5930443341867842,9.090552274543148,0.345806098410425,0.37208225496289593,0
20.65207189283208,0.7279393069737652,4.310012329947766,0.09536092127300355,0.7281164373361664,1
9.76199094477803,0.0823810456158427,8.976367989153083,0.16528449014295743,0.041578959846593766,1
3.587827378149051,0.9427317741351257,8.653671105551965,0.45025424614289034,0.7341512590416462,0
3.728916704566342,0.9836789252634136,9.082364961903398,0.44279813654373745,0.43526227965655384,0
26.715818422196847,0.7552704204968079,6.16030279540587,0.1544922040049258,0.7419777295139859,1
0.9428755706020275,0.05784267656339637,9.490540410442259,0.0926254830513672,0.631375326048251,0
13.573185483980803,0.6018815896363221,7.974604070206409,0.8084057388936909,0.7394692332387273,1
5.44793150404277,0.6593539222057827,9.122709530228002,0.8009807004033649,0.41739478232914795,1
23.995657678419455,0.3554930104413574,5.089683806539616,0.2659284506321188,0.8808951605447525,0
17.80777360662146,0.12771348363523483,9.740798892905717,0.4872653541000508,0.6777232412013204,0
25.663817520330216,0.19954245092914513,6.737419053733252,0.9082284887003229,0.5994611396587166,0
20.326930855268472,0.6169269183757422,8.117963180116584,0.655173714524338,0.17689695082398393,1
21.571377155527365,0.18447625313363936,8.362340569692341,0.3064328227033716,0.9672711903702976,0
25.590283664020802,0.616650314520738,4.689597982357401,0.6314189212183764,0.9693218122841789,1
4.22772674924288,0.23877714576830233,5.208182692815846,0.015110684214475034,0.12595519637935826,0
6.280479700101309,0.060142342600785215,9.351232868864408,0.2205042634356471,0.7646509503848735,0
23.657916336735923,0.547959488973693,4.3732193569882165,0.8309491710550684,0.9888405413036631,0
8.423170873225674,0.864358249839637,9.353814988837915,0.21955392322980194,0.05688139777764656,0
15.094087757402631,0.8670314961224486,7.816576278457253,0.21491263703639585,0.7844054732127973,1
5.323186313391685,0.13087366071834983,7.606445000801398,0.557337169573008,0.04869484839992977,1
4.459881832593389,0.9430758377447076,7.462735516229925,0.16121881197512256,0.17909493932818155,1
17.697530605638992,0.42373825364876283,5.771742964287659,0.7250060762991187,0.8973857174637149,0
13.380173188738672,0.28218707469320015,9.228484205145126,0.16136735838838312,0.5973123783307118,0
4.091144267603093,0.7805255152438618,4.301356068783843,0.05697872699736828,0.8797524022943436,0
19.76771825730454,0.50836054691628,5.228080654343704,0.879330215678474,0.6960798615670392,0
6.388924845267322,0.23687055897448206,8.24251886360019,0.8223812111853543,0.2872212092051508,1
19.87566853061946,0.6158631881823046,8.336885819250902,0.7045544280274453,0.427486454090268,1
27.327815534815272,0.5801723692273323,9.123771801732532,0.9733826191648212,0.7346083007105351,0
9.127267288786133,0.18057534512733353,6.084059957553056,0.7326990505902804,0.8860861088135163,0
16.83831592708489,0.5126885110165086,7.139977787168448,0.8398016066644267,0.9288595498455656,0
11.246117385711122,0.04821203886055603,5.207872646934599,0.7051391455705633,0.3960009663856152,0
15.17666036653398,0.5122219208126745,7.417238677402622,0.5948473795019096,0.06022694490029745,1
7.360473290439629,0.8398022856356172,6.0136627256190565,0.028652427577654516,0.29191117349780726,0
15.73534168710764,0.8059254001176211,5.195291649364319,0.11159299995724747,0.11259046652919447,1
2.30939729486379,0.15389590633985506,9.901128836291331,0.6132916848873791,0.5768812013112085,0
20.902114960924518,0.3910815366517607,9.145374025967703,0.4323462264033473,0.07115567887790974,1
16.752127492074152,0.6178472402012138,9.798504315198445,0.6747863021674105,0.57835976311654,1
11.896283469638105,0.7368737449441821,5.9289742074872915,0.8401080784391999,0.23906638407502967,0
28.21375753058743,0.8686231679556108,8.767469672201141,0.4157751035233219,0.675662902207073,1
23.12736611237466,0.8026433097957104,5.409840429975716,0.8056488053633419,0.2423536951367623,1
8.399372809808526,0.4870619188189359,6.481856049511812,0.38732251797531403,0.01071529769535895,0
15.257120734941083,0.927752283195213,8.175394709012814,0.43402097270875883,0.17464718589632955,1
10.928095831442263,0.8003565078223616,5.657017346925397,0.28570756766089034,0.1828133885392259,0
0.698158072074776,0.5148173539296902,8.73391095952476,0.18772240569225207,0.8391466080707525,0
28.417457321515762,0.1771497894473859,5.813999496108963,0.6495089297074473,0.9782206685265583,0
11.119264412006727,0.44375021930457115,9.001899771625514,0.9956311094988834,0.3993325801992226,0
20.44508166671788,0.6502010923981534,5.759851664683389,0.9633603204460379,0.6487471138950182,1
12.72666027740929,0.8689049844787182,7.346252957500264,0.6775316138836847,0.8326117733261311,1
0.7953393162486544,0.9007018640112585,9.414719843715051,0.6961561451379252,0.22048763941474925,1
5.64363479171284,0.07319592376844364,6.319243040938167,0.8829148165187222,0.7962436094563872,0
5.720631619909997,0.2522410201733616,7.03574744640959,0.07680304831442153,0.19201608474003673,1
26.321192157838663,0.011620539908100636,7.642537472312524,0.7927581135728128,0.6596902729304743,0
29.07907606857297,0.7978136488586345,4.74892488380109,0.48849563265990537,0.5937806319434522,1
17.738263072347877,0.29544477747742026,6.9933739872156515,0.35920874698269034,0.909202136206487,0
17.288650805004394,0.35325140850206416,9.662209556921326,0.8187402294840508,0.9094295036858765,0
12.563115746762193,0.9983475113929496,9.525967126579456,0.23147521376529812,0.4503503857807928,1
2.275899843259918,0.6951445540475938,4.430654837359079,0.453989911199699,0.39355533610631555,0
17.922393065109247,0.43401936617387527,9.597549175418033,0.2338128330930641,0.8450396488966425,0
8.060320781548382,0.5882022669483905,8.840161118168435,0.603528806501121,0.46503633422090995,0
5.857289633941335,0.651666825375885,8.00682809935844,0.39103286912739865,0.020934117826733267,0
0.36463424069449024,0.5670162609866678,5.366498416619257,0.01914486799683668,0.9070419604150218,0
16.476799941183614,0.24710323401014644,9.445666015339329,0.5484191629935626,0.5806452259096341,0
23.16955175206918,0.6331513755940223,4.39605906484145,0.5634083644838541,0.7986557803566365,1
15.770705469080575,0.6034876665964548,7.26698175462319,0.22267607912308496,0.44485243282754083,1
13.204574812188039,0.31529033783061033,5.505799968041788,0.518700994380595,0.5778070502510847,0
23.85558584306111,0.33945019254280606,4.683030360859608,0.36957419942677316,0.8286529061182892,0
11.792931740002812,0.27421520234867003,7.590144905786553,0.35427132721721566,0.6409655280987577,0
9.351662033866447,0.844357082739616,4.047049544631501,0.7349258473948942,0.9868959453882975,0
13.669702583571388,0.23754413087432746,5.714701333155221,0.08456537809723785,0.26116243251086024,0
1.356818667316142,0.47987562030390885,7.905840802905725,0.07558361385406698,0.8899133763628625,0
27.881279673827574,0.13252467274184843,6.024073280614556,0.6773931298888728,0.7755052967189994,0
18.602182677855406,0.9595766443210334,6.81992960894762,0.18463245734736922,0.009910695491153643,1
4.180682222184724,0.5799837874281313,7.543827003967826,0.9385297834731304,0.4237701199309234,1
10.908888071378819,0.480586577326648,5.124471664585493,0.5214490241668801,0.6650559890066311,0
17.491246829090766,0.03531135494023907,6.4993949708937535,0.2511692675484013,0.30767908947794853,0
2.483960037753794,0.11833619092338732,5.1714436177389524,0.5739498660690104,0.5456959688130258,0
14.74847625350497,0.2576828885112137,8.507068286850508,0.88912792394001,0.4425773459328154,1
24.243611386932507,0.5369744228934136,9.363938260047222,0.0913914863317764,0.08987685173616067,1
15.563718652300983,0.8512069140487687,4.476439507858177,0.742881493667939,0.7287780544506475,1
24.497983184147312,0.19462251182076507,7.266893996801578,0.7511771369540428,0.34883190745863013,0
16.615628532039622,0.7622851347766157,8.743058765649309,0.5359350788521182,0.35781124933559305,1
16.281733300427884,0.9017619921354235,9.061897984310942,0.32679470585777737,0.18712427041050173,1
20.05929659773293,0.822480563634361,6.274564292031617,0.23693332490664865,0.29827245423412274,1
15.080370696865845,0.6584518346584255,6.1467895919526505,0.6664630475268357,0.4020272168882407,1
10.99085529881075,0.9710582451653678,4.313547275716143,0.332456157148712,0.8260646845482855,0
19.002112695312704,0.5929399348417032,7.925755313949772,0.1992703364668008,0.6009120056590861,1
16.485866469712064,0.9651186964360455,9.400499098098884,0.6195262000363033,0.3931471294940152,1
12.949786386890382,0.08764274676383854,8.60540577110751,0.030463686308960125,0.38339714105825895,0
20.944851420592354,0.519081785136218,8.965113532637819,0.28651954892712295,0.5992992870063887,0
22.31838877718031,0.4882411370217782,6.68604055246251,0.2879453426759925,0.24860488461330632,0
0.49763486783568456,0.9811861780274235,4.4178468889744344,0.26023659798522936,0.9873361585795459,0
10.027316724508825,0.18610141784627732,6.625967968889221,0.832363539660995,0.9772838231769293,0
7.117472624904002,0.2207696127887604,5.8285065723168,0.11755130015021997,0.8200675020556494,0
2.0808390262549636,0.23754332492387764,8.375040925296688,0.6946409588937278,0.18445905105988336,1
18.993043718198038,0.6209155177674771,7.362643785882639,0.32674254203004083,0.7302491895295712,1
0.7959661162145915,0.005229613542912737,8.593280503095166,0.37904048538303503,0.4838602188643114,1
18.1928717897877,0.48864319040466575,8.439424724601583,0.6769407829968374,0.10804455937640711,1
0.5913161326309246,0.6362913539792481,5.242454855265131,0.9581180089194338,0.8009387215414303,0
29.698806971698357,0.10566468426174391,8.842933224189295,0.8848551176960043,0.42219223388067806,1
24.104427911545457,0.3251900642246949,7.493192479564684,0.8791857726012476,0.5578736756600732,0
21.43787768100187,0.15954468011318834,8.284195866801138,0.06646332577627212,0.9359372482485595,0
28.184968246925674,0.9390676985128962,4.9946472409796545,0.2685337560676073,0.8232732126800302,1
9.041336224924262,0.733614380561402,5.352287608040595,0.8174078473061094,0.11060359887316085,0
5.261138358703487,0.5982252940637388,8.285959814409985,0.9746905960485515,0.4018762712367395,0
6.728079283816793,0.7948095487499294,9.776862142444156,0.6939495905101568,0.23374079203674425,1
6.96638085440452,0.4161539981797615,7.73448184939598,0.006877962219649314,0.23272834891555183,1
2.3320391089495454,0.46349404380057235,9.193462873747313,0.8860934353132082,0.1331821256675234,1
12.52233009446337,0.7234201136885849,4.973400434694876,0.8050903184956627,0.2719545593981987,1
18.475502941566493,0.42549333444807536,8.011435880337483,0.716397111958099,0.3531028889383895,1
2.8102430348427743,0.4323348010426019,4.579206821172645,0.08355433751068975,0.8979352934437369,0
22.136907500873054,0.33689579177110685,9.730363068909934,0.7517469923958404,0.9505328209544089,0
25.47670231482534,0.2732595269982093,4.675482342471622,0.7324010490583791,0.2523119270696871,0
26.865696854886014,0.4746308757498139,7.634675496716142,0.8066650530268165,0.6843142489253448,0
21.88818535014192,0.6134113892107077,4.632842199739784,0.4081516908666981,0.13097374299417408,1
26.057973845683808,0.4069079607228706,4.236757197345396,0.6677605916031529,0.15873676337430953,0
14.953265967871719,0.7087446977429764,6.746197630955764,0.9995577032504386,0.168858463370395,1
2.983241782780355,0.7264617151130048,8.865271486047511,0.6298206544347077,0.02534860426393848,1
8.794431907830397,0.615985450260179,7.234567316416053,0.14643625660281612,0.14716325109494532,0
3.8747824545448495,0.5251633836670602,8.613536692645846,0.06256484221945158,0.08778823705815997,1
28.101899662102035,0.761027902502028,8.164903441058986,0.8141256855911618,0.32694102433667527,1
26.163717268324543,0.08479201604580322,7.5613656122727155,0.6587176387270222,0.3204012861402149,0
2.012294321652824,0.28590678923916013,7.939786442247256,0.41766699581699473,0.9812575773912768,0
4.289750461585076,0.4547398556338591,7.617657258876769,0.5809503798881793,0.6775458051837758,0
20.541935176616377,0.38019561878585706,5.2028470931704165,0.8973658657909319,0.49623922190081393,0
17.5732674382039,0.4217209268734554,4.398663066134649,0.38279876443638783,0.6256507894272765,0
11.767321352991969,0.6675498992914705,5.394305938336287,0.574287575090211,0.25619151443935495,0
27.076587200387,0.16761921628831766,4.430271333085906,0.09491793682166971,0.5185616886657339,0
8.660812103120996,0.5718722712271865,9.139223342487561,0.011302536589022472,0.4826012356615207,0
12.444585070129955,0.28487290196192283,5.264229783203219,0.9730767979122983,0.7498599312882688,0
16.945233997878493,0.8419985528900615,4.216112909748558,0.4032077561332522,0.9176472779044335,1
23.99748256119568,0.160071634954573,4.414045555676898,0.8861817721293451,0.10986311374078295,0
17.869162218235328,0.06134962711066816,7.107763166275474,0.7160499732421445,0.4580286165838686,0
18.662601006836205,0.8627970775432285,6.85862191806275,0.9894511309650564,0.7580404210112165,1
24.30340184037542,0.8601223971892046,6.3070679658688755,0.009978776658449373,0.9545659288588108,1
2.524198949851465,0.02458691645880151,4.664323559957894,0.50313247255154,0.19624571670616564,0
3.1979475940131543,0.45818688673789265,8.22922606026029,0.22431855885352625,0.663310709504002,0
20.88089390024919,0.4915945467414369,6.582564461925941,0.2062521138361526,0.4517394759814438,0
4.55708080536883,0.7175977656581762,8.283715795039539,0.19641921587201738,0.7293098004772062,0
10.52745037656236,0.6391199378155004,5.883800304264117,0.8644332468683641,0.1790316374415838,0
11.494155847484924,0.9331133313435577,8.167572563519713,0.868409523946934,0.7489631508603986,1
4.8785081803467385,0.3988227808969005,4.655585261857729,0.622630533598658,0.2856259885622431,0
13.876041483994436,0.20093368865905648,4.535737147153437,0.0006533907612995549,0.33161684910783396,0
14.855307303338105,0.7907231648389635,7.3673367296951495,0.9706765454097441,0.28943952161948794,1
24.918582233631874,0.05778056099636664,7.878752449827583,0.3399718637932482,0.5960501157609502,0
24.251920443493834,0.6962887758781398,6.097038232520912,0.2763191084658536,0.988420993963481,1
23.555278841790408,0.47421421665746377,5.560946745772307,0.3739210470128136,0.8243504472493495,0
10.764914523705075,0.13071037674019947,9.656345914564675,0.2466586158054065,0.430535820913037,0
27.92271976810694,0.8288833658826095,6.0752647644271445,0.9961576734987788,0.842165376650381,1
26.14381770563153,0.5800862078378112,4.9126256993336375,0.8774700466544819,0.3409585714355583,0
13.682099526511077,0.9442664891134339,6.512759914444969,0.056585656146715624,0.673092130911217,1
1.3800792606525825,0.9747931621467831,4.686925828395431,0.8904095172193285,0.380951845023475,0
17.148380684096995,0.9227571905133943,4.746210394003061,0.9291447172116873,0.13925407078470398,1
22.601345557768248,0.8381152896481102,5.167743020229231,0.7151001612837,0.799157971104782,1
23.87378008308303,0.49888815345135606,4.42559329680264,0.79155820259137,0.3917424505622782,0
9.351332282682328,0.23295947475363377,4.406010171400009,0.42272863689393225,0.3302846675020844,0
0.5466547695464918,0.18097695270948977,9.073626177939442,0.5953032659274891,0.3867070570439779,0
26.207358723203317,0.33300191305819793,5.897620898375841,0.36739072869707046,0.248539820927426,0
6.2971677928675724,0.861369996363436,5.149557674408955,0.6127958355365104,0.775234538899056,0
12.311904809689846,0.7900304363070614,9.341290015817046,0.6083195000077717,0.40777803440616267,1
12.10448598637191,0.21204483990822665,9.730691243750208,0.6239984855289824,0.5645906389334635,0
3.8413751687331734,0.42819961492561476,5.451590081893178,0.12600202786399428,0.6717088592440608,0
24.678016819789747,0.5675408482615582,5.241955470630561,0.3894049389788753,0.5658505603132467,0
13.422371004703638,0.23464208185545354,7.998312481469239,0.4861304852149241,0.9523867523987246,0
4.032440308169227,0.5061418628402441,4.101685989337486,0.8481092350156301,0.5953663701568727,0
6.8380548762582505,0.6552419806390217,9.904661914218988,0.7327334747861651,0.7921911948016761,1
2.5451314225557575,0.9699120461072704,7.322268912148067,0.3419052781054903,0.8743073341370806,0
12.438723711810711,0.24069271183250496,6.142726955803017,0.6564096035006569,0.39221779343354013,0
21.21715902940196,0.9565013982994801,8.755570697730299,0.2963576135132884,0.12384602670581746,1
2.4070123698492663,0.8680566901074503,8.279241299695705,0.724598286847629,0.7253716002348575,1
13.01554947713919,0.727169069766308,6.128627751015905,0.15647671600360058,0.8263408109501867,1
27.595668492382813,0.5303021332491583,9.088252537608904,0.08468834187530683,0.15987976336644139,1
1.971259182850571,0.7284906771616132,5.051330632634964,0.8336440104751723,0.8874689402128824,0
25.98191668501225,0.01823258267636163,7.062594934025393,0.8169739072718367,0.6256819122613526,0
17.501753842983614,0.6366696821672073,9.763761853079199,0.5768573811327002,0.8759049249998946,1
28.835716914717427,0.7158249646820886,4.738019770742474,0.3245118001753421,0.08010572660960225,1
18.831241592142536,0.012120774643893273,5.559429875456997,0.3138780765150273,0.6755867735674388,0
8.077296928481429,0.9924835021583752,9.704636246388027,0.2914609134937939,0.7518251459566812,0
23.67513715822015,0.7820280876703859,6.596374816118228,0.5969106905466561,0.8730431470152034,1
22.44779071150975,0.7306505102392461,5.880087505510859,0.17512314013035324,0.8586981212445739,1
4.836638617620133,0.22444057183666066,5.21209401041494,0.2420220799808772,0.5002785352077603,0
5.611312456725701,0.7648098009029954,6.425738483529215,0.019155485551252904,0.9757788185489327,1
22.424128144012695,0.5358276844730813,8.122115599019455,0.8706690341255177,0.5005793174308313,0
5.201207858842645,0.3806232934765801,7.868995624133882,0.23747855675225749,0.36298284040387163,0
5.961470446025173,0.23360775104990994,7.1163151570236245,0.6100074170794857,0.6764837495206044,0
11.308332882747226,0.41412975252892703,4.453630243700505,0.5778911126940883,0.6213306241557073,0
2.353691440267979,0.8948166560605276,9.245335148111055,0.656729484721608,0.9408801695592043,1
16.306585833419657,0.2598132087450342,4.881776257529258,0.4111974888825458,0.03895784634846422,0
2.182890190925806,0.3079299415911909,6.313071428421534,0.228875462483499,0.34993785357071405,0
25.965213776819407,0.6949510889024617,7.095171416273969,0.3920935769045727,0.6313759776433766,0
28.10489217974274,0.8316970436757735,4.978212021589546,0.5441986625037022,0.8979552161850192,1
8.513277173961734,0.5538022407123763,8.933079320898539,0.34041155611425966,0.8364421924698697,0
3.595961020010484,0.08104621590764793,7.358534101830296,0.9327105081327614,0.6618345851139982,0
27.519407263867283,0.956614621083458,4.943639249078292,0.33440117898874866,0.11938101133819679,1
28.950807319995377,0.6950352288585532,9.845166662898142,0.07893940294655555,0.995734452051323,1
28.89667618321834,0.7823854840582735,7.258147503745979,0.16972842857692316,0.879601496711762,1
22.3813463779627,0.10659303030799072,7.74043574895664,0.6359403268267109,0.9965263087986191,0
21.778670366107182,0.9734889691773969,6.762149627211558,0.9411208125336735,0.025689644869408168,1
7.9560710304517634,0.4197273169261223,4.074424217663889,0.1657481769652207,0.5831302190995835,0
8.124967537862226,0.8148251137465122,6.0713388568101525,0.4642385197392249,0.7834695600492677,0
18.543847213736875,0.9629268752375798,4.531628283818074,0.8646589218581401,0.40031283617299407,1
25.752382555290353,0.43088752366180594,4.926758483339943,0.8254156641239481,0.2966124821570931,0
10.047168439712584,0.24120145759954148,6.0711532509652635,0.6910558127392618,0.5088940700698802,0
10.170893731461021,0.04574203381251285,4.665936815280887,0.35442494879305486,0.6191727353658367,0
17.605233540626372,0.26311256991084286,6.21887953592306,0.827553052274047,0.4754757152327337,0
4.600542093482406,0.15016900081704165,8.270336834476293,0.21469588746335544,0.10680070400236363,1
2.7474621997990245,0.6569551562671395,9.191774553453474,0.44210703467972,0.8973973183215863,0
7.392060997173204,0.43685070261517955,8.3107236839353,0.33745427896422897,0.7312505893473751,0
2.56042394981304,0.7064757264869012,6.03316389603251,0.8038145451934468,0.5956798241615295,0
11.104761007663331,0.8447832281168877,9.972625097147858,0.6964298070361072,0.4541836627367061,1
10.600566840781585,0.6682127985550163,6.953952880007091,0.211231831472931,0.6101079220362347,0
29.084112998261066,0.17352451498650867,4.669073273927658,0.8014457762229537,0.6791625683195628,0
28.62153081776167,0.7090462617224327,7.951243094020329,0.21050693966534295,0.17182946035765845,1
16.462013680997583,0.42618130223597295,8.523771421580705,0.16036540611974315,0.10548342746103567,1
1.5547061046728072,0.432497878330132,9.856082939675282,0.6784999682926378,0.07336406745960267,1
4.693111280132581,0.08162998203058958,6.530969071232988,0.8044946424318223,0.40542282513915495,0
24.906595937009747,0.8000709686991595,8.62673689511132,0.6774380712282945,0.609812761548117,1
11.236203565420874,0.18513292883861965,5.570234102415435,0.672702994208898,0.5719958782835928,0
0.7625738023228557,0.7795844735667533,8.787484957695364,0.008319942227192012,0.258591591134784,0
12.72392013907158,0.34970322974584955,7.128757832328832,0.259670838950414,0.8212501545597043,0
11.228123872683609,0.6726021182251263,8.571410875629219,0.2116358985698612,0.22465739764176662,0
17.123349140067358,0.44720254050483565,7.944120893020772,0.9106057172144217,0.7203839985864458,0
28.485618709729263,0.09571455552016173,7.842856253055064,0.3714672626243768,0.31259802490830013,0
18.355586841671386,0.6974202672468399,9.780366605281301,0.285758324592706,0.41130397206623126,1
5.196056097300455,0.8682725054083805,4.4810800844914205,0.6323913243283874,0.8204875844802748,0
15.36279174897843,0.6318135270166684,5.049288623055756,0.1594922625413583,0.4441035569066186,1
19.79952138102537,0.9372284872364511,9.629828910690897,0.5355538148796726,0.6323962564655086,1
5.150378575449105,0.6764679372263622,8.255924970835657,0.3072164170212709,0.4890484004492832,0
6.794873255938139,0.2598035810641598,9.134423553434718,0.16046261427122643,0.5318717665050166,1
14.218849207886171,0.5783869170064091,8.652076902418813,0.6447452485768186,0.6452185758446639,0
18.95511636509398,0.531169528001032,7.0327307074627,0.7837382510752364,0.41078880999961176,0
13.566538226694215,0.29282203670096474,4.175018581871587,0.22123869644606398,0.503345130606154,0
19.319986297170473,0.505852692951829,9.355349364918847,0.1568127053168057,0.19668819731282305,1
12.547291088718566,0.7181230762264944,9.300788577916364,0.06701653775120997,0.47164949075059537,1
18.969174917807383,0.1288698674734452,7.725571404870587,0.021913328775008956,0.0850563854892411,1
1.3565601031856822,0.1957779856835461,7.759555066559262,0.8525474212459705,0.5505316805962256,0
24.437241606941463,0.6238958362916385,6.842858970387679,0.9680763814507335,0.06760474947238315,1
3.3359244691845404,0.03038705969683686,7.4828056059621755,0.9416919866580306,0.8664231835397002,0
0.6175348288740734,0.22120944181960223,4.201681601099696,0.5488586650773559,0.034672704226066386,0
27.247976578999612,0.7083629767150348,6.011248284225236,0.6302472194561579,0.1182186222910886,1
3.404205637217672,0.3418721660386861,5.275866258226577,0.28918744629594983,0.6725072626736491,0
5.436991984969804,0.1213849394224289,8.699190479791756,0.8345717902556277,0.054732706924985886,1
13.598665042440828,0.6561618376810715,5.6948724638621595,0.6118310201032214,0.8082682112162782,1
24.973279224012654,0.9440593396866133,9.438624720066466,0.3067765995221412,0.6971636921379805,1
23.844339106249453,0.8940992036791344,8.45915919238962,0.5192245707802051,0.7017382738772572,1
0.8634802894001692,0.4110284698067047,5.797394067723244,0.4878343185440125,0.6790666044956374,0
29.532065421106562,0.5606600944161709,4.4707348979027435,0.6227534032398411,0.9615507321375663,0
8.658916597207673,0.025811906949486985,8.06525360475372,0.9614923245741122,0.5055207917234903,0
1.5443625374996806,0.8505817290942419,6.965274683501799,0.7873870267523329,0.7289392001051572,0
27.626172015954396,0.6694869551981901,4.611354328396081,0.08701721830278875,0.3169426217672814,1
4.184815819561255,0.29734900737255077,7.361009100771051,0.43276687959926263,0.24053158518014872,1
4.82424154252496,0.9971245001577111,9.46462096986349,0.6105467550154245,0.05702691400361937,1
6.149528862474629,0.7330712960296748,9.255298501102342,0.8244715176045491,0.08058081228651359,1
14.832609141077445,0.14834320096208886,6.751138053291344,0.03893801668766561,0.7286562842366027,0
10.447664010699011,0.4517676787372291,9.575368321791125,0.8622029736581888,0.8591117576469165,0
25.166942593378025,0.7643726622217359,7.843691101293324,0.4579289944340279,0.8539428821418529,1
10.892468891959053,0.30552431065802355,9.102088006719372,0.5105807574595599,0.5489096316400717,0
25.489421720322344,0.18114934953468032,8.442856791721114,0.25646306101676597,0.4264997472418611,0
4.1781621799016175,0.9758737549100538,9.50491505879194,0.27163318127436964,0.8614456860213242,0
8.122340194306613,0.2135113663106719,9.678739078902433,0.18177886721736192,0.1322687150984817,1
15.045488840615988,0.10493017841817487,7.6039063992901355,0.8213883629006943,0.5817366474211867,0
9.926940745579476,0.41758077578492836,6.783588260873996,0.20263263413534316,0.6253301699544539,0
15.978517993650694,0.39931591580930814,9.796285030772063,0.9207396503426354,0.32882261784860933,0
29.89910511221716,0.7161506742231936,5.767716378077159,0.3262539180411468,0.24685702759573291,1
1.64284916466094,0.6246635688542638,4.054230814475753,0.8206961607667793,0.8881913496613041,0
9.623401949152075,0.8321341779577419,7.804852829774421,0.9271106288584273,0.24029912345036675,1
23.820755678108878,0.8015371118829896,5.743027034028522,0.19060983307444979,0.8660356750457565,1
12.355227424418056,0.4598004237693202,6.230435769437982,0.6226895409497974,0.7521143326969748,0
15.94063894704444,0.9362122462436898,7.4322918602158055,0.9971823539029504,0.9395685890251657,1
5.291609595186699,0.7480731794295321,5.733309633454994,0.3846110759787682,0.15577326058017016,0
1.3633914102437361,0.3961726916092554,6.90044461583888,0.35492466087701,0.025199094821069634,1
22.3631842255299,0.3601364074715191,4.314130121124834,0.17070836331248018,0.8490980199586761,0
28.194963708404252,0.2152018720172375,8.044781773216378,0.9091752640535857,0.44418340687836655,0
11.552931858057757,0.4815223515125501,9.457760916619554,0.11539464217891737,0.06203676362878152,1
22.873760572220718,0.7373570773877997,7.177958343673719,0.596081955238306,0.8575306077519237,1
0.13896069013808576,0.12138641815940643,5.372060677621652,0.36255979655909454,0.2889685249210585,0
7.454674194433972,0.09808258078424459,7.785530741374981,0.5314549141893053,0.7545693612057366,0
19.00589132282684,0.3351188542591419,6.114249679657926,0.30104607783431303,0.5488728015425998,0
10.702599800807679,0.41776678216733376,6.755439265581749,0.6236487782902661,0.2530263409202532,1
10.670181493948474,0.5877693608621982,8.207019169541558,0.787371958149273,0.2160314403930722,1
18.698943804826737,0.08941100231225951,4.391227547562952,0.8829938248297731,0.23333282264932664,0
23.509590382234293,0.16801420774486342,9.436666012794984,0.538022705363903,0.6748932030541548,0
16.219053648303195,0.05197128365147241,7.076006355738499,0.5590592849466022,0.7551336174451959,1
26.780151332309245,0.2024805601652374,4.327806520005834,0.4840205725094041,0.16169455327398685,0
15.427033152408349,0.8445493985350704,9.88778254298348,0.6417343972985582,0.15631697070886086,1
4.680559213273096,0.8065611478614497,5.6316983567717855,0.5717459831437487,0.1492494697414739,0
6.738144688199458,0.9799703293588506,6.885340879618054,0.3809912736683999,0.7964405615234773,0
0.2085639159357211,0.372688517012314,9.291566549827863,0.9514907101767872,0.29582409749653604,1
13.169142621169083,0.08011484638467514,7.044471632306854,0.7227377522388047,0.27706924971339963,1
2.4527709584661572,0.3243337531153756,8.445424336912428,0.797732263348214,0.10901361564092871,1
25.67089404318857,0.40149431586128825,8.161708344842772,0.5312940183509319,0.05574085358744174,1
25.821917497690304,0.4084532130706987,4.9957293717747095,0.08114917853623915,0.9459246440320865,0
24.573069530225993,0.7295082286523967,9.175842826895074,0.8706884554574393,0.7697466228570872,1
15.549889570912102,0.4552201490818012,6.660280086275126,0.018124041045729733,0.3872744114248413,0
28.51234452229676,0.38855810127034573,7.5323891327879196,0.03174376537298862,0.7802126485356335,0
26.32416040581159,0.25813343270112754,6.5859113230797774,0.2595764492750492,0.566018424887821,0
18.0155058130096,0.08860042967961723,8.965037919239327,0.02370775364451838,0.39505333785679597,1
17.417650508341303,0.9280836403260497,8.566047540972352,0.93374942300147,0.03981143944575383,1
5.115723710618746,0.596269878482053,7.391981527429659,0.41833386410228013,0.27064394198176567,0
28.287291117375574,0.6832587636595959,8.316121734214951,0.2002820178676259,0.5934613827047238,1
3.5928639545775365,0.08912443211601662,4.289116074359777,0.7605756424552823,0.7050409063535927,0
8.359393927098344,0.8672942009598024,8.969495514623311,0.45434542306765513,0.7798208840100681,0
4.909678285971135,0.6152194382310109,6.904462418261209,0.5952128341268748,0.16781459564602863,0
2.5652559256340424,0.7837917844853972,4.2254265423934445,0.8446659090902243,0.9108262646863152,0
14.28151206597299,0.026196708532064794,6.9775525172941695,0.3976844144330547,0.4271050453603432,0
19.092312337913413,0.9691026301408113,7.1981732034768395,0.7483843496762314,0.4263983568016225,1
19.76080894856835,0.43861541918959046,7.675440810068915,0.9078385138835341,0.4141410682156662,0
12.756405134077003,0.7941973312770843,6.225646048946591,0.9903323037936483,0.04960590834948275,0
26.890074555633593,0.18802473461541613,5.694834558220022,0.832929715574228,0.29797723549584376,0
12.958350559263472,0.9154882975880418,4.1309403806529374,0.06835320030995862,0.2972872042813265,1
16.6253400754738,0.3342383186960608,7.609323275798944,0.8979646468477885,0.43369433132038004,0
19.905053073241675,0.44590270637674834,9.150050060794726,0.7483558536657398,0.5413744209074383,1
4.106568902064218,0.44019899795549056,7.083126785240607,0.6617186826439566,0.623210373068007,0
26.29960807975035,0.22807977194893247,4.433898851547632,0.14407878601319957,0.45851856218701537,0
19.476309063481906,0.6512329770414921,9.281888572893562,0.15620656868662197,0.5196116758030075,1
21.771585251650798,0.7648832615421283,9.35854123117249,0.06239406859827723,0.9414742375060654,1
26.012169557403112,0.7798509888933498,6.926002411727587,0.723443662354912,0.1514323143699633,1
29.190316642573368,0.3975943979627943,5.807591564560003,0.24153684170168177,0.3648224702077987,0
11.11416308374146,0.5622968158779098,6.602904517459177,0.21820753455217223,0.14669511401518154,0
9.50766015468833,0.12518579220255044,8.975720795900532,0.11720390568023342,0.5059316543195584,0
1.0782682139022626,0.5177116433847114,5.660885846747835,0.07569972730978747,0.5952297327194016,0
4.193171298788685,0.5094221281497897,4.394169153726194,0.06180846068922263,0.9150015377475272,0
9.862548308625247,0.4967668588591694,6.696098452237853,0.8597946748116456,0.765858643884742,0
1.2947973585172834,0.8785155613013479,9.456727665623452,0.6096974251526159,0.20831539000851795,1
24.512162128478398,0.34609972653778553,5.605556060367829,0.7507696492110557,0.2705592564879914,0
16.280882494747456,0.7375823015888915,8.717669196304199,0.2674020278575413,0.10284259215747671,1
7.736630562996068,0.06485359448296835,6.359171206167534,0.12038757878908901,0.9192080310537252,0
17.852337921007646,0.25929675886577375,9.033983966308064,0.37472197050737643,0.12344986581035511,1
20.899524716306768,0.0712567277652586,9.887067020573767,0.17252387694636206,0.12249786196598922,1
5.068051892164936,0.1918673247187429,7.77734618135042,0.14122354337314946,0.19863161386186912,1
